one-digit ZIP,Year,HPI with 2000 base,Percent change since 2000,Percent change since 2010,HPI year by year percent change since 2000,employment_by_thosands,employment year by year percent change,employment percent change since 2000,employment percent change since 2010
0,2000,100.0,0.0,-33.770619270513485,0.0,1576.701190476191,0.0,0.0,3.531678717998854
0,2001,109.08116883116882,9.081168831168824,-27.75621739063122,9.081168831168828,1579.9476190476191,0.2059000520223897,0.2059000520223931,3.744850498338871
0,2002,119.48896103896104,19.48896103896104,-20.863201063798687,9.541328094770376,1562.5773809523814,-1.099418606403446,-0.8957822578635782,2.6042603087746983
0,2003,128.51155844155844,28.51155844155844,-14.887590678343695,7.550988245395707,1550.5916666666665,-0.7670477271602194,-1.655958907574552,1.817236662106685
0,2004,145.0912987012987,45.09129870129871,-3.90693137776035,12.901361138873767,1557.47619047619,0.4439933450902211,-1.2193179098313829,2.269298417041208
0,2005,164.2938961038961,64.29389610389609,8.810829965956355,13.23483735722155,1569.775,0.7896627633228404,-0.4392836460089985,3.076880984952106
0,2006,173.71467532467534,73.71467532467534,15.0501537037706,5.734101779911383,1584.482142857143,0.9368949599237508,0.4934956875755227,4.042603087746723
0,2007,173.79415584415585,73.79415584415585,15.10279315962312,0.0457534858997688,1593.7119047619046,0.5825096828241172,1.0788800305640758,4.648661324995101
0,2008,167.74324675324675,67.74324675324675,11.09531354020982,-3.481652798690804,1590.1392857142855,-0.2241696907041013,0.8522918178323954,4.414070744576882
0,2009,156.67233766233767,56.67233766233767,3.7631190081763104,-6.5999134422350725,1531.5202380952385,-3.68640962119966,-2.8655367709405386,0.5649403947625766
0,2010,150.99038961038963,50.99038961038963,0.0,-3.626644075608199,1522.9166666666667,-0.5617667474817067,-3.4112058857062424,0.0
0,2011,146.26597402597403,46.26597402597403,-3.1289511846458,-3.1289511846458007,1531.8190476190473,0.5845612663669897,-2.846585207663126,0.5845612663669857
0,2012,142.2812987012987,42.28129870129871,-5.767976976258923,-2.7242667689531985,1549.894047619048,1.17996965947742,-1.7002043899673036,1.771428571428593
0,2013,142.58753246753247,42.58753246753247,-5.56516024929772,0.2152312138200773,1568.5095238095237,1.2010805654149692,-0.5195446490525744,2.993785421145188
0,2014,145.44506493506495,45.44506493506495,-3.672634191906944,2.0040549254775497,1587.159523809524,1.189026889342948,0.6633047147109994,4.218409224154785
0,2015,148.82155844155844,48.82155844155844,-1.436403452184981,2.321490597154985,1608.6011904761906,1.3509459096589185,2.023211512281873,5.6263435606800885
0,2016,152.9018181818182,52.901818181818186,1.2659273059436051,2.7417128156617565,1631.3964285714285,1.4170844974005004,3.468966626372536,7.123158100449471
0,2017,158.5233766233766,58.52337662337661,4.98905064913392,3.6765805066318658,1649.3880952380953,1.1028384242830258,4.610062147536758,8.30455344928669
0,2018,165.88493506493506,65.88493506493506,9.864565217017326,4.643831464080028,1662.9714285714288,0.8235377333296823,5.471565482181357,9.196482313855782
0,2019,172.5816883116883,72.58168831168831,14.299783421323784,4.036986989886593,1677.9261904761904,0.8992795455065927,6.420049696888206,10.178463943717013
0,2020,179.71038961038963,79.71038961038963,19.021078145508525,4.130624383408876,1545.3023809523809,-7.904031194969985,-1.991424228856395,1.4699237834668648
1,2000,100.0,0.0,-33.770619270513485,-44.35491447278088,4910.766666666667,0.0,0.0,1.0448126310302597
1,2001,106.41278350515464,6.41278350515465,-29.5234724675269,6.41278350515464,4893.455555555555,-0.3525134115741291,-0.3525134115741338,0.6886161148059236
1,2002,112.47670103092784,12.476701030927828,-25.50737744226052,5.6984859582020375,4835.683333333333,-1.1806017560869186,-1.5289533881335688,-0.500115455225094
1,2003,118.29886597938145,18.298865979381446,-21.651393651850466,5.176329759931964,4809.038888888889,-0.5509964695326275,-2.0715253784767773,-1.0483563062558403
1,2004,128.71711340206184,28.71711340206184,-14.751452900943548,8.806717914351104,4840.230555555557,0.6486049996130117,-1.4363563960368153,-0.4065509980589592
1,2005,142.6998969072165,42.6998969072165,-5.49074197673483,10.863189156113153,4885.941666666667,0.9443994575556668,-0.5055218804938955,0.5340089940763422
1,2006,153.5601030927835,53.56010309278349,1.7019053259115795,7.610521395560865,4933.105555555557,0.9652978301123882,0.4548961578753367,1.5044616014211492
1,2007,157.65938144329897,57.659381443298976,4.416831991835889,2.6694943985799746,4985.727777777778,1.0667159181898975,1.5264645257925258,2.587225850996462
1,2008,156.48659793814434,56.48659793814434,3.640104739074415,-0.7438716899802134,5005.097222222222,0.3884978343738687,1.9208926417915944,2.985775001771824
1,2009,151.53185567010308,51.53185567010309,0.3586096182085743,-3.166240645093299,4857.347222222223,-2.9519906095729964,-1.0878025381870726,-0.0543554054764592
1,2010,147.34697916666667,47.34697916666667,-2.413008174311151,-2.761714020415107,4859.988888888889,0.0543849666456042,-1.034009172589038,0.0
1,2011,146.14453608247422,46.14453608247422,-3.2093787825963505,-0.8160622572603637,4931.336111111111,1.4680531962807386,0.4188642189836637,1.468053196280731
1,2012,144.50752577319588,44.50752577319588,-4.293560572909246,-1.120131038189831,4988.508333333332,1.1593657567449789,1.5830861440507924,2.6444390590741844
1,2013,143.98510416666667,43.98510416666667,-4.639557167710574,-0.3615186155419669,5042.230555555556,1.0769195645770502,2.677054273037241,3.749837105251729
1,2014,146.90062500000002,46.90062500000002,-2.708625774754734,2.024876705272627,5116.35,1.4699733308065177,4.186379587708633,5.274932041454146
1,2015,150.08614583333335,50.08614583333335,-0.5988750538292928,2.168486916467049,5190.76111111111,1.4543788269197666,5.70164423296653,6.806028363119232
1,2016,154.50645833333334,54.50645833333334,2.328670541228788,2.945183564716647,5256.525000000001,1.2669411572056255,7.040821867597045,8.1591978948283
1,2017,159.68989583333334,59.68989583333334,5.761629097978763,3.35483549096518,5320.13888888889,1.2101890296134732,8.336218151046793,9.468128642269424
1,2018,166.9984375,66.9984375,10.60203098416858,4.576708894778481,5385.958333333333,1.2371753034851718,9.676527086741356,10.822441295018956
1,2019,173.3141666666667,73.31416666666667,14.784899299803476,3.781909137123906,5440.691666666667,1.016222739685757,10.791084895094436,11.94864414413384
1,2020,179.56197916666667,79.56197916666667,18.92278682769293,3.604905830933225,4952.447222222222,-8.973940711173878,0.8487586233423445,1.9024391916762435
2,2000,100.0,0.0,-33.770619270513485,-44.308923044793616,2182.15,0.0,0.0,-1.3336598875272023
2,2001,106.09131868131868,6.091318681318683,-29.7363766296166,6.091318681318692,2175.204166666667,-0.3183022859717832,-0.3183022859717807,-1.6477171035898952
2,2002,111.5721978021978,11.572197802197806,-26.10642432932663,5.166190022901684,2161.7583333333337,-0.6181412089669713,-0.9344759373400738,-2.255673094132378
2,2003,116.24373626373628,16.243736263736267,-23.012493335709923,4.187009446403889,2155.3708333333334,-0.2954770614970181,-1.227191836797044,-2.544485159053876
2,2004,127.12637362637362,27.126373626373624,-15.80499000339948,9.361912918857485,2189.6416666666664,1.590020278799642,0.3433158429377602,-0.994922710274229
2,2005,144.52923076923076,44.529230769230765,-4.279185488447982,13.689415222371103,2231.597222222222,1.916092308355899,2.265986399753549,0.902105960556012
2,2006,157.94,57.940000000000005,4.602683924151004,9.278932129779438,2278.7569444444443,2.1132721331881044,4.4271449920694845,3.0344420476203817
2,2007,162.0223076923077,62.022307692307685,7.306371028238582,2.5847205852271182,2313.3583333333336,1.5184326249996438,6.012800830984739,4.598950630657791
2,2008,158.26846153846154,58.26846153846154,4.820221967008625,-2.3168699466835085,2310.0791666666664,-0.1417491885894795,5.862528546005835,4.450682466865722
2,2009,150.59131868131868,50.59131868131869,-0.264302204995095,-4.850709220596805,2217.1833333333334,-4.021326830429683,1.6054502822140229,0.2503791482587398
2,2010,144.2643956043956,44.26439560439559,-4.454584178072234,-4.201386329787127,2211.645833333333,-0.249753816779541,1.351686792078152,0.0
2,2011,140.05395604395605,40.05395604395605,-7.243132224940656,-2.918557654367804,2239.204166666666,1.246055445134142,2.614585004086148,1.246055445134147
2,2012,138.13615384615383,38.13615384615383,-8.513280744161547,-1.369330972129279,2270.6277777777777,1.4033383636423702,4.054614842140899,2.66688018287034
2,2013,139.819010989011,39.81901098901099,-7.3987348798853185,1.2182597357759173,2298.365277777778,1.221578467041673,5.325723611015642,3.921036683967758
2,2014,143.1376923076923,43.13769230769231,-5.200792794137528,2.3735551376072417,2328.298611111112,1.302374936775741,6.697459437303195,5.274478219777275
2,2015,146.4535164835165,46.453516483516495,-3.004742976410567,2.3165276192216533,2375.4416666666666,2.024785623741665,8.857854256887315,7.406060720240385
2,2016,150.67604395604397,50.67604395604397,-0.2081891802231815,2.8831861288921123,2415.75,1.6968774227950512,10.705038608711586,9.228609915315698
2,2017,155.44021978021976,55.44021978021977,2.947094964992357,3.161866809806635,2447.779166666667,1.325847735347918,12.17281885602122,10.676814966229916
2,2018,161.31692307692308,61.31692307692308,6.839199165708279,3.780683857120448,2487.459722222222,1.621083964432568,13.991234434948185,12.470979065992184
2,2019,167.2814285714286,67.28142857142859,10.78945421829548,3.697383622709794,2518.7055555555557,1.2561342422630073,15.42311736386386,13.88376554664856
2,2020,173.11175824175825,73.11175824175825,14.650845453442326,3.485341869758196,2388.965277777778,-5.151069663208818,9.477592181003953,8.017533448255284
3,2000,100.0,0.0,-33.770619270513485,-42.23384880630376,3374.738333333333,0.0,0.0,1.4354860363853468
3,2001,105.87566666666666,5.87566666666666,-29.87920162345129,5.875666666666657,3372.95,-0.0529917628181664,-0.0529917628181701,1.3817335842114875
3,2002,110.32588888888888,10.325888888888883,-26.93184700458752,4.203253081969316,3348.611666666667,-0.7215740919175317,-0.7741834799043511,0.6501892607309666
3,2003,114.74966666666666,14.749666666666656,-24.00200637751666,4.009736810036513,3355.396666666667,0.2026212853386555,-0.5731308550835668,0.8541279679068395
3,2004,123.19633333333331,23.196333333333328,-18.40783135189936,7.360950939581534,3431.6983333333337,2.273998404560218,1.6878345629760083,3.147549228830161
3,2005,138.83722222222224,38.83722222222224,-8.048967500201174,12.695904549828786,3529.4300000000003,2.847909611324617,4.583812177042874,6.085098197163803
3,2006,153.346,53.346,1.560106173438397,10.450207477181506,3604.5016666666666,2.127019565954446,6.808330324869631,8.341548992379472
3,2007,155.70777777777778,55.70777777777778,3.1242969698672454,1.540162624246988,3628.8583333333336,0.6757290998617105,7.530065293951196,9.073644366161911
3,2008,147.21266666666665,47.21266666666665,-2.5019625113034567,-5.455803963264527,3554.9833333333336,-2.035764232552484,5.341006685456611,6.853162127014095
3,2009,136.19022222222222,36.19022222222222,-9.802059208110697,-7.487429372774379,3351.1866666666665,-5.732703857027,-0.6978812678316314,0.7275867804034433
3,2010,128.02022222222223,28.02022222222223,-15.212999613709735,-5.998962235826999,3326.98,-0.7223311941242594,-1.4151714478603985,0.0
3,2011,122.08822222222224,22.088222222222228,-19.141726478582875,-4.633642948770245,3360.7333333333336,1.0145337012345657,-0.4149951378946315,1.0145337012345597
3,2012,119.91866666666668,19.918666666666667,-20.578609687609493,-1.7770391902394822,3415.866666666667,1.6405149669714847,1.2187117717274936,2.671692245419773
3,2013,122.82811111111111,22.828111111111117,-18.65170264938549,2.4261814489079603,3483.271666666667,1.973291307232916,3.216051812412136,4.6977038234875765
3,2014,128.59755555555557,28.59755555555557,-14.83063532229816,4.697169395713807,3572.036666666667,2.5483226258072422,5.8463298142127655,7.36573909872217
3,2015,134.53633333333337,34.536333333333346,-10.89741957717558,4.618110936962672,3674.408333333333,2.865918696243308,8.87979956964565,10.442753888912264
3,2016,141.48644444444446,41.48644444444446,-6.294404028275455,5.165973338883267,3774.725,2.730144762535458,11.85237571505544,13.458000949810335
3,2017,149.15044444444445,49.150444444444446,-1.2185842891676166,5.416773338317449,3843.515,1.82238441210949,13.89075597466075,15.525641873410716
3,2018,157.89755555555556,57.89755555555556,4.574573231441379,5.864622893811911,3918.908333333333,1.961572501559972,16.124805725678474,17.7917610966502
3,2019,165.79266666666666,65.79266666666666,9.803456428235148,5.000147775139707,3990.953333333333,1.838394620951012,18.259637907729147,19.957238496574472
3,2020,173.06688888888888,73.06688888888888,14.621128758899616,4.387541601491551,3810.5316666666654,-4.520766132736886,12.91339624849926,14.53425228485492
4,2000,100.0,0.0,-33.770619270513485,-42.21887234351266,3781.5125,0.0,0.0,12.342800626105186
4,2001,104.48236559139784,4.482365591397851,-30.8019762972991,4.482365591397852,3710.5791666666655,-1.87579264469796,-1.8757926446979571,10.235482635113014
4,2002,107.15,7.150000000000007,-29.03521854835519,2.5531910514301925,3654.8333333333335,-1.5023485776591403,-3.34996027823964,8.579361429668708
4,2003,109.30817204301076,9.308172043010757,-27.605874569192267,2.0141596295014,3622.241666666667,-0.8917415294815045,-4.211828820698953,7.611114171354524
4,2004,113.2263440860215,13.226344086021498,-25.010893489190384,3.5845188605560185,3632.933333333334,0.2951671271703482,-3.929093627660001,7.928746805570107
4,2005,117.86763440860216,17.867634408602157,-21.936995650687624,4.099125835110007,3648.7916666666665,0.4365159467097035,-3.509728801196181,8.399872996460369
4,2006,119.74215053763442,19.742150537634416,-20.695515226755216,1.5903569613809454,3645.558333333333,-0.0886138105080536,-3.5952325072749947,8.303815738412315
4,2007,119.6836559139785,19.683655913978495,-20.734255853762573,-0.0488504869782913,3636.395833333334,-0.2513332434217585,-3.837529736227669,8.031612245567436
4,2008,117.73129032258063,17.731290322580648,-22.02729549452095,-1.6312716857522225,3582.7041666666664,-1.4765077600875642,-5.257376071964163,6.436517107413925
4,2009,114.02279569892474,14.02279569892474,-24.48340851815456,-3.1499651566671227,3374.7208333333333,-5.805205332564201,-10.757379928445744,0.2576587404987242
4,2010,110.66763440860215,10.667634408602154,-26.705511063210658,-2.9425355427890376,3366.0479166666664,-0.2569965663826612,-10.98673039777956,0.0
4,2011,108.38989247311828,8.38989247311828,-28.214045441697444,-2.0581825460134984,3423.708333333333,1.7130004710024238,-9.461932670238872,1.7130004710024176
4,2012,107.80892473118278,7.808924731182784,-28.598816779419405,-0.5359980794146235,3488.722916666667,1.898952159573564,-7.742658085444202,3.644481690013592
4,2013,108.82397849462365,8.823978494623645,-27.926552957821176,0.9415303658503849,3537.4541666666664,1.3968220223852024,-6.453987216314474,5.092210635246701
4,2014,111.49860215053764,11.49860215053765,-26.15516627366497,2.4577521359836485,3591.7187500000005,1.534001029459775,-5.018990417194173,6.704326228273411
4,2015,114.9689247311828,14.968924731182796,-23.856793119188165,3.112435953196746,3647.99375,1.5667986253099508,-3.530829264745262,8.37616814476424
4,2016,118.6005376344086,18.60053763440861,-21.451598382889586,3.1587778277627265,3697.775,1.364619936643252,-2.214391728177565,9.8550909418377
4,2017,123.89075268817204,23.890752688172043,-17.947921713523986,4.460532101524484,3732.8666666666654,0.948994102309264,-1.2864120727707218,10.897609275962228
4,2018,130.4840860215054,30.48408602150539,-13.5811978774265,5.321893030974234,3764.714583333333,0.8531758434090042,-0.4442115864133024,11.84376088922283
4,2019,136.26817204301076,36.268172043010765,-9.750433524522697,4.432790386830843,3785.795833333333,0.5599694089248652,0.1132703735167568,12.47005173599356
4,2020,141.56623655913978,41.56623655913978,-6.241558204841781,3.887969168953687,3533.2833333333333,-6.669997831807706,-6.564282589748598,4.968301723769784
5,2000,100.0,0.0,-33.770619270513485,-29.36168790626523,1356.8083333333334,0.0,0.0,0.9506015792035248
5,2001,105.15988372093024,5.159883720930239,-30.3532602357798,5.159883720930236,1352.3513888888888,-0.328487402011679,-0.3284874020116781,0.6189915707608391
5,2002,109.336511627907,9.336511627906988,-27.587105437614184,3.971693158258472,1340.1055555555554,-0.9055215555621832,-1.2310344333413348,-0.2921350869016919
5,2003,112.64337209302326,12.643372093023258,-25.39699222997946,3.024479577664008,1337.7972222222222,-0.1722501129678755,-1.4011640881071026,-0.4638819968523565
5,2004,119.84186046511628,19.84186046511627,-20.629477959258164,6.3905121431808265,1352.5500000000002,1.1027663634457283,-0.3138492909217006,0.6337688319660034
5,2005,129.10883720930232,29.10883720930232,-14.49201664923821,7.732670961732513,1372.6888888888889,1.4889570728541468,1.170434700717159,2.132162450669248
5,2006,135.92546511627907,35.92546511627907,-9.977406199814151,5.279753155801492,1391.775,1.3904178336112238,2.577126467137938,3.552226251236148
5,2007,139.7353488372093,39.7353488372093,-7.454143804928541,2.8029212316257546,1403.3513888888892,0.8317715786595903,3.4303338512972847,4.413544238263195
5,2008,140.85779069767443,40.85779069767443,-6.710757511693958,0.8032626459985925,1403.334722222222,-0.0011876331757698,3.429105478338655,4.412304188371821
5,2009,138.94546511627905,38.94546511627905,-7.97727890178367,-1.3576285499889984,1351.2333333333331,-3.7126843698689904,-0.4108907546509304,0.5358048905500813
5,2010,136.42488372093024,36.42488372093024,-9.64664435070584,-1.814079641418609,1344.031944444445,-0.5329493220185499,-0.9416502371783338,0.0
5,2011,135.55209302325582,35.55209302325582,-10.224688224840172,-0.6397591655344925,1360.9347222222225,1.2576172648012696,0.3041246716661431,1.2576172648012738
5,2012,138.1256976744186,38.1256976744186,-8.5202058019498,1.898609304926957,1380.6666666666667,1.4498817703926914,1.7584158902325937,2.725732998657635
5,2013,142.57023255813954,42.57023255813954,-5.576617872155421,3.217746558788304,1399.2861111111113,1.348583615000809,3.130713213812651,4.111075402267013
5,2014,147.8981395348837,47.89813953488371,-2.0479780756146475,3.737040251071688,1419.0777777777776,1.4144117139096355,4.58940610214738,5.58363464823398
5,2015,152.30523255813952,52.30523255813952,0.8708123418600815,2.979816404124769,1438.784722222222,1.38871489308392,6.041854761275927,7.0498903072533246
5,2016,156.54151162790697,56.54151162790697,3.6764737357399135,2.781440268738189,1455.2347222222222,1.143326012983592,7.254258871411865,8.273819550006543
5,2017,162.40813953488373,62.40813953488373,7.56190506823386,3.747649965794064,1467.4208333333331,0.8373983196677814,8.152404232973213,9.180502695558436
5,2018,168.8168604651163,68.81686046511629,11.806361253007871,3.946058952824849,1480.4388888888889,0.8871385263070186,9.11186587805122,10.149084998186408
5,2019,175.331511627907,75.33151162790699,16.120974374810444,3.859005045373931,1487.375,0.4685172189928588,9.623073757654293,10.665152427966
5,2020,179.61941860465117,79.61941860465117,18.96082861176456,2.445599731007908,1406.4930555555557,-5.437898609593706,3.661882153992931,4.647293642780885
6,2000,100.0,0.0,-33.770619270513485,-44.32673216691365,2764.1958333333337,0.0,0.0,4.754069756884392
6,2001,104.5903488372093,4.590348837209305,-30.730459662306576,4.5903488372093015,2749.366666666667,-0.5364730851498467,-0.5364730851498477,4.192092367039611
6,2002,108.01906976744183,8.019069767441849,-28.459639023271272,3.2782383540657323,2708.96875,-1.469353548089869,-1.997943946928519,2.6611421610154427
6,2003,110.53313953488372,10.53313953488373,-26.79458618518727,2.327431418225045,2681.23125,-1.023913620266026,-3.0014003469966584,1.6099807437081428
6,2004,115.8156976744186,15.815697674418605,-23.295980642698243,4.779162305317231,2691.6416666666664,0.388270003442126,-2.624783880785119,2.0045018194392914
6,2005,122.48104651162792,22.481046511627923,-18.88156138435448,5.755134209826185,2718.9812500000003,1.015721508249312,-1.635722866957993,3.0405834838019072
6,2006,127.62244186046512,27.62244186046513,-15.476447083964972,4.1977069067164585,2754.4479166666665,1.3044101229703786,-0.3526492786479666,4.384655285532352
6,2007,130.71348837209302,30.713488372093025,-13.429266121253422,2.4220242667096548,2782.0166666666664,1.000881150563293,0.6447022717577386,5.4294216243657125
6,2008,130.02941860465117,30.02941860465117,-13.8823212919878,-0.5233352548090209,2777.714583333333,-0.1546390208541859,0.4890662896230858,5.266386599073566
6,2009,126.89883720930231,26.89883720930231,-15.955685963359867,-2.407594703524174,2662.3770833333333,-4.152244463561539,-3.683485401872468,0.8954688895222538
6,2010,124.23081395348838,24.23081395348838,-17.72270124340412,-2.1024804596226465,2638.7479166666667,-0.8875214113953644,-4.538315091640587,0.0
6,2011,122.08302325581394,22.08302325581394,-19.14516972183942,-1.7288711466372342,2662.6354166666665,0.90525888619839,-3.674139706092958,0.9052588861983872
6,2012,121.72581395348836,21.72581395348837,-19.381747230677764,-0.2925953935274616,2693.80625,1.1706759828334246,-2.546475994374503,2.0865325173950104
6,2013,123.14093023255816,23.140930232558148,-18.444524482447697,1.162544108853103,2719.9625,0.9709774041841256,-1.600224296698717,3.0777696808540056
6,2014,126.04651162790698,26.04651162790698,-16.52017591771699,2.3595577764935483,2753.8541666666665,1.246034335644941,-0.3741293052379785,4.362154083494453
6,2015,129.45081395348836,29.450813953488364,-14.265527569324934,2.7008302583025667,2796.0166666666664,1.531036047963075,1.151178688195913,5.959976282943526
6,2016,133.3946511627907,33.394651162790694,-11.653548608624938,3.046591279618638,2821.525,0.9123097740237672,2.073990777908575,6.92665950312609
6,2017,137.48046511627908,37.48046511627908,-8.947539329470631,3.062951863416319,2839.6708333333336,0.6431214798144014,2.7304505379050834,7.614327818038709
6,2018,141.8168604651163,41.81686046511629,-6.075571543953488,3.1541901936173566,2858.795833333333,0.6734935533901254,3.4223334996465016,8.339103378417311
6,2019,146.63720930232557,46.63720930232557,-2.8830843600687763,3.3989955929076388,2872.6937500000004,0.4861458277159336,3.925116858881502,8.865789409276351
6,2020,150.83941860465117,50.83941860465118,-0.0999871621816564,2.865718273226125,2705.26875,-5.828153453531226,-2.1317984284157605,2.520924144105581
7,2000,100.0,0.0,-33.770619270513485,-33.704332113544446,3510.897916666667,0.0,0.0,-6.273998353762968
7,2001,104.884,4.884,-30.53597631568536,4.884,3533.95625,0.6567645622469476,0.6567645622469448,-5.658439189339496
7,2002,108.19877777777778,8.198777777777778,-28.340619520904504,3.1604227315680022,3497.7625000000003,-1.0241708566708918,-0.3741326856674205,-6.624657960890726
7,2003,111.08833333333334,11.088333333333338,-26.42688477062558,2.670599072283641,3481.31875,-0.4701219708313608,-0.8424957765433998,-7.063635959155512
7,2004,115.39566666666668,15.39566666666667,-23.57416457800417,3.8773948659475135,3522.9083333333333,1.1946502552612648,0.3420896007728274,-5.953371448911022
7,2005,121.86677777777778,21.866777777777784,-19.288387762798283,5.607759197582052,3592.333333333333,1.970672905199078,2.3195039730458324,-4.100020021801497
7,2006,130.24922222222222,30.249222222222212,-13.73674671724949,6.878367178731581,3679.725,2.432727104017829,4.80865827889471,-1.7670352161241984
7,2007,136.7168888888889,36.71688888888889,-9.45325113626873,4.965608666462495,3786.8208333333337,2.9104303537175635,7.859041282767769,1.091966808302399
7,2008,139.27144444444446,39.271444444444455,-7.761384811433583,1.8685003559667512,3851.339583333333,1.7037708632020587,9.696712201472648,2.814342283820154
7,2009,139.01211111111112,39.012111111111125,-7.933139672125383,-0.1862071111330965,3744.704166666667,-2.768787699950692,6.659443126787962,-0.0323685791194638
7,2010,137.52433333333337,37.52433333333335,-8.918485680978524,-1.070250473779666,3745.916666666666,0.032379059761034,6.6939784516187775,0.0
7,2011,136.4621111111111,36.46211111111111,-9.621988880727296,-0.7723885631552907,3815.3229166666665,1.8528508820716103,8.67085877247688,1.8528508820716012
7,2012,137.90933333333334,37.909333333333336,-8.663502565170006,1.060530436205731,3909.64375,2.4721585929543988,11.357374745658005,4.370814887321759
7,2013,140.99744444444443,40.99744444444445,-6.618265700042647,2.239232861525764,4003.579166666667,2.402659236322169,14.032912995310436,6.878489911236703
7,2014,146.45555555555555,46.45555555555555,-3.003392511626473,3.871070949276456,4107.5125,2.5960104448207177,16.99321932720202,9.653066672599063
7,2015,151.8331111111111,51.83311111111109,0.5581292312020629,3.67180031864045,4186.4875,1.922696522530365,19.242643886802465,11.761362372361038
7,2016,157.16444444444443,57.16444444444443,4.089038282493421,3.5113113959917897,4219.820833333333,0.7962124175298069,20.192068624420028,12.65122021757026
7,2017,163.30277777777778,63.30277777777778,8.154418436271746,3.9056755839602,4280.15,1.4296618043617482,21.910408721415624,14.261751685168305
7,2018,169.86322222222222,69.86322222222222,12.499360164929302,4.017350184558333,4367.827083333334,2.048458192664593,24.407692476580365,16.602355898645214
7,2019,176.36411111111113,76.36411111111113,16.804858617952423,3.827131502535708,4448.735416666666,1.852370338607523,26.7121836709626,18.762263353429304
7,2020,182.17655555555555,82.17655555555555,20.654404578753407,3.2957070505021946,4247.839583333333,-4.515796389704374,20.990119455433703,13.399201352583944
8,2000,100.0,0.0,-33.770619270513485,-45.10819479759866,1157.6464285714285,0.0,0.0,-5.738621823455048
8,2001,105.6545205479452,5.6545205479451965,-30.025665328387813,5.6545205479451965,1170.7452380952382,1.131503471226014,1.1315034712260128,-4.672051057361962
8,2002,109.88986301369864,9.88986301369863,-27.22062424154635,4.008671322143265,1165.5464285714286,-0.4440598479194202,0.6824190707130617,-5.0953642024613455
8,2003,113.61410958904108,13.614109589041092,-24.754078797857925,3.389071997367221,1173.0404761904765,0.6429643157358278,1.329771097557354,-4.4851612603041175
8,2004,122.69068493150684,22.69068493150685,-18.742719157097586,7.98895082247888,1207.6845238095236,2.953354834912103,4.322398791472428,-1.664269152326815
8,2005,140.38479452054796,40.38479452054796,-7.024019950678968,14.421722071988595,1255.9309523809522,3.994952955034981,8.490029544755725,2.264197033027544
8,2006,157.37849315068493,57.37849315068493,4.230801415095985,12.105084947536549,1306.9238095238095,4.0601640596711785,12.894902732658531,6.416291206873838
8,2007,165.0045205479452,65.00452054794519,9.281472134562431,4.845660448634859,1334.553571428571,2.1141065533750503,15.281621269756062,8.666044993137046
8,2008,160.68575342465752,60.68575342465752,6.421179413660348,-2.6173629116014285,1325.8976190476192,-0.6486028411498257,14.533901398876845,7.961233937946412
8,2009,149.02931506849313,49.02931506849313,-1.2988075247416626,-7.254182843054513,1245.882142857143,-6.034815587643228,7.621991664121497,1.4459725636472476
8,2010,138.59,38.59,-8.212701247004633,-7.004873546989909,1228.123809523809,-1.4253622170560254,6.087988457697926,0.0
8,2011,131.2827397260274,31.282739726027387,-13.052254474748478,-5.272573976457617,1243.2392857142856,1.2307778803129832,7.393695953304273,1.2307778803129938
8,2012,131.50602739726028,31.506027397260283,-12.90437243284564,0.1700815139133116,1269.5142857142855,2.113430640578917,9.66338722963156,3.370220157731906
8,2013,137.13123287671232,37.13123287671232,-9.178833679043413,4.27752673454207,1300.8857142857144,2.4711363176017853,12.373319018575264,5.924639209634542
8,2014,144.6395890410959,44.63958904109589,-4.206095888407948,5.475307125061701,1335.2369047619047,2.6406001771686505,15.340649079670063,8.721685420269417
8,2015,151.77945205479452,51.77945205479452,0.5225911704983082,4.936313122177083,1372.2499999999998,2.772024582760846,18.537920226074444,11.735477266911202
8,2016,160.07780821917808,60.07780821917809,6.018541068896712,5.467377864421152,1405.7452380952382,2.4408991142458314,21.431311270918123,14.462827541817584
8,2017,169.79698630136986,69.79698630136986,12.455492524728308,6.071533706211363,1438.9499999999998,2.362075360806748,24.299610354753018,17.16652578846557
8,2018,181.4495890410959,81.44958904109589,20.17293915811604,6.862667585303317,1478.6142857142856,2.7564742148292742,27.72589706331504,20.396190860235915
8,2019,192.71534246575345,92.71534246575342,27.63417788577765,6.208751138094892,1516.760714285714,2.579876911780321,31.021067992015816,23.50226439090212
8,2020,201.93890410958903,101.93890410958906,33.74288564369243,4.786106557901437,1450.178571428571,-4.389759190756615,25.26955861800883,18.080812389009964
9,2000,100.0,0.0,-33.770619270513485,-50.48007195991735,3957.983333333333,0.0,0.0,0.7890250356612409
9,2001,109.01147727272728,9.011477272727276,-27.802373678207783,9.011477272727287,3981.385,0.5912522791488906,0.5912522791488926,1.384942443316536
9,2002,117.96579545454546,17.965795454545457,-21.87198419784179,8.214105895855429,3946.34,-0.8802213300145523,-0.2941733795409302,0.492530554507482
9,2003,127.34352272727271,27.343522727272727,-15.661173498614351,7.949530825094708,3944.41,-0.048906074996069,-0.3429355858833817,0.4433836021490477
9,2004,148.5775,48.57749999999999,-1.598041846647179,16.6745640594562,3996.408333333333,1.3182791173669497,0.970822683268841,1.7675077529529517
9,2005,181.2718181818182,81.27181818181819,20.05520261889893,22.00489184554741,4085.443333333333,2.2278754464946537,3.2203268499530493,4.034761070690541
9,2006,202.89420454545453,102.89420454545451,34.37557520647222,11.92815661061488,4172.128333333333,2.1218015507088905,5.410457345702146,6.24217224436475
9,2007,201.88181818181815,101.8818181818182,33.7050779872461,-0.4989725388679367,4221.85,1.1917578438183307,6.666694739324335,7.508321665529954
9,2008,176.09727272727272,76.09727272727272,16.628133208787677,-12.772098887738103,4191.891666666666,-0.7096020307053474,5.909785707367809,6.745440431814112
9,2009,154.7889772727273,54.78897727272727,2.5157810852328963,-12.10029838880371,3966.098333333333,-5.386430549453602,0.2050286551653048,0.9956714182460796
9,2010,148.6696590909091,48.66965909090911,-1.5370054514521438,-3.9533294228285776,3926.998333333333,-0.985855536444502,-0.7828481676274451,0.0
9,2011,141.26113636363635,41.26113636363635,-6.443624174928154,-4.983210947394834,3971.431666666667,1.1314833764041188,0.3397774118974829,1.1314833764041168
9,2012,141.05795454545455,41.05795454545455,-6.5781902348648735,-0.1438341948905019,4053.6616666666655,2.0705379546166918,2.417350586788725,3.2254491237794336
9,2013,152.42795454545455,52.42795454545456,0.952090354077746,8.060516712183109,4154.263333333333,2.481747983407589,4.959091119635847,5.787244625772268
9,2014,169.39329545454547,69.39329545454547,12.188130576814896,11.130071881947211,4265.150000000001,2.669225751216242,7.760686208043678,8.610945000825494
9,2015,179.62704545454545,79.62704545454545,18.965879827218718,6.04141384258392,4392.005,2.974221305229574,10.965727495904911,11.84127486685123
9,2016,193.9165909090909,93.9165909090909,28.42975729082265,7.955119129408272,4509.011666666666,2.6640831844833013,13.921946782662886,14.820819463890771
9,2017,206.8167045454545,106.81670454545451,36.973422665586334,6.652403270853324,4603.7666666666655,2.101458301837744,16.315968990942334,17.233731106752835
9,2018,222.09556818181815,122.09556818181817,47.09251943445268,7.387635186405173,4696.645,2.017442239325784,18.662576480446685,19.59885391683808
9,2019,230.28,130.28,52.51301794386155,3.6850946127306994,4768.461666666667,1.5291057055976776,20.47705270781839,21.427646815909867
9,2020,236.3023863636364,136.30238636363637,56.50160713763497,2.615245077139305,4432.243333333333,-7.0508762958844,11.98236475646267,12.865933649916652
